product_id,units_sold,revenue,cost,profit,returns,avg_rating,return_rate,profit_margin,avg_inventory,inventory_turnover,category
SKU001,1030,19990.24,10300,9690.24,53,3.9655555555555555,0.05145631067961165,0.4847485572959604,873.2363251137244,11.795203318710541,Widgets
SKU002,1030,25029.99,12360,12669.99,39,4.054926470588235,0.037864077669902914,0.5061923716309914,1200.1965775031297,10.298312986122284,Widgets
SKU003,627,30654.9,18810,11844.9,39,3.936842105263158,0.06220095693779904,0.3863949972108863,1704.2220251185397,11.037294274313608,Gadgets
SKU004,629,36804.4,22015,14789.4,23,4.027979797979798,0.03656597774244833,0.40183782373846605,2633.9835592239233,8.358062799179542,Gadgets
SKU005,835,12231.05,5845,6386.05,42,4.018951612903226,0.05029940119760479,0.5221178884887234,586.2201514578752,9.970656903322116,Accessories
SKU006,797,13964.06,7173,6791.06,37,3.9853389830508474,0.04642409033877039,0.4863241779253312,618.14071112834,11.604153990936092,Accessories
SKU007,414,40309.01,24840,15469.01,22,3.8596470588235294,0.05314009661835749,0.38376060339859497,2158.4694544282147,11.508154516173217,Devices
SKU008,409,47929.9,28630,19299.9,32,3.994864864864865,0.07823960880195599,0.40266931497875025,3496.898179095683,8.18725582893691,Devices
